{
    "train": {
        "rmse": 12302499.645255921,
        "mae": 3832501.4790034425,
        "r2": 0.8913551651131078
    },
    "test": {
        "rmse": 17539572.771662988,
        "mae": 4209017.976249326,
        "r2": 0.789381947876553
    }
}